Index,Age,Gender,Weight,Height,Fitness_Level,Exercise_Duration,Equipment,Goals,Exercise_Preference
1,28,Male,75,180,Intermediate,45 mins/day,Gym,Weight Loss,Cardio
2,35,Female,68,165,Intermediate,30 mins/day,Home,Overall Fitness,Strength Training
3,32,Male,85,185,Advanced,60 mins/day,Outdoor,Muscle Gain,Yoga
4,42,Female,70,160,Intermediate,40 mins/day,Gym,Cardio,Overall Fitness
5,27,Male,80,178,Advanced,60 mins/day,Home,Weight Loss,Strength Training
6,29,Female,62,165,Intermediate,45 mins/day,Outdoor,Cardio,Overall Fitness
7,36,Male,90,188,Advanced,60 mins/day,Gym,Overall Fitness,Muscle Gain
8,24,Female,55,160,Beginner,30 mins/day,Home,Weight Loss,Cardio
9,33,Male,78,175,Intermediate,45 mins/day,Outdoor,Strength Training,Overall Fitness
10,31,Female,63,165,Intermediate,40 mins/day,Gym,Muscle Gain,Cardio
11,26,Male,72,178,Intermediate,50 mins/day,Gym,Weight Loss,Strength Training
12,41,Female,68,167,Intermediate,35 mins/day,Outdoor,Cardio,Muscle Gain
13,27,Male,75,180,Intermediate,45 mins/day,Home,Overall Fitness,Cardio
14,34,Female,70,165,Advanced,60 mins/day,Gym,Muscle Gain,Strength Training
15,23,Male,68,175,Intermediate,40 mins/day,Outdoor,Weight Loss,Yoga
16,28,Female,62,160,Beginner,30 mins/day,Home,Cardio,Overall Fitness
17,35,Male,82,185,Advanced,60 mins/day,Outdoor,Overall Fitness,Muscle Gain
18,24,Female,58,163,Beginner,30 mins/day,Outdoor,Cardio,Strength Training
19,29,Male,77,178,Intermediate,45 mins/day,Gym,Weight Loss,Yoga
20,26,Female,64,166,Intermediate,30 mins/day,Home,Muscle Gain,Strength Training
21,37,Male,88,190,Advanced,60 mins/day,Gym,Overall Fitness,Cardio
22,31,Female,66,168,Intermediate,35 mins/day,Outdoor,Cardio,Muscle Gain
23,29,Male,74,177,Intermediate,45 mins/day,Home,Overall Fitness,Cardio
24,34,Female,69,166,Advanced,60 mins/day,Gym,Muscle Gain,Strength Training
25,36,Male,86,183,Advanced,60 mins/day,Outdoor,Weight Loss,Yoga
26,28,Female,63,160,Beginner,30 mins/day,Home,Cardio,Overall Fitness
27,33,Male,79,178,Intermediate,45 mins/day,Gym,Weight Loss,Strength Training
28,25,Female,60,162,Beginner,30 mins/day,Outdoor,Cardio,Overall Fitness
29,30,Male,76,182,Intermediate,50 mins/day,Gym,Muscle Gain,Yoga
30,27,Female,61,165,Intermediate,35 mins/day,Outdoor,Weight Loss,Strength Training
31,39,Male,85,188,Advanced,60 mins/day,Home,Muscle Gain,Strength Training
32,22,Female,57,158,Beginner,30 mins/day,Outdoor,Cardio,Muscle Gain
33,38,Male,92,195,Advanced,60 mins/day,Gym,Overall Fitness,Cardio
34,29,Female,64,165,Intermediate,45 mins/day,Home,Weight Loss,Strength Training
35,27,Male,78,180,Intermediate,50 mins/day,Gym,Cardio,Muscle Gain
36,35,Female,68,167,Intermediate,35 mins/day,Outdoor,Cardio,Overall Fitness
37,30,Male,77,178,Intermediate,45 mins/day,Home,Weight Loss,Yoga
38,28,Female,62,163,Beginner,30 mins/day,Outdoor,Muscle Gain,Strength Training
39,32,Male,84,185,Advanced,60 mins/day,Gym,Overall Fitness,Cardio
40,24,Female,58,160,Beginner,30 mins/day,Home,Cardio,Strength Training
41,31,Male,80,175,Advanced,60 mins/day,Outdoor,Weight Loss,Muscle Gain
42,29,Female,66,170,Intermediate,40 mins/day,Gym,Overall Fitness,Cardio
43,37,Male,90,188,Advanced,60 mins/day,Home,Overall Fitness,Muscle Gain
44,26,Female,59,165,Intermediate,45 mins/day,Outdoor,Weight Loss,Strength Training
45,33,Male,82,183,Advanced,60 mins/day,Gym,Muscle Gain,Yoga
46,28,Female,64,162,Beginner,30 mins/day,Home,Cardio,Overall Fitness
47,35,Male,88,190,Advanced,60 mins/day,Outdoor,Overall Fitness,Muscle Gain
48,24,Female,55,158,Beginner,30 mins/day,Outdoor,Cardio,Strength Training
49,36,Male,84,185,Advanced,60 mins/day,Gym,Weight Loss,Yoga
50,31,Female,61,167,Intermediate,45 mins/day,Home,Muscle Gain,Cardio
51,34,Male,79,178,Intermediate,50 mins/day,Outdoor,Overall Fitness,Strength Training
52,28,Female,62,165,Intermediate,35 mins/day,Gym,Muscle Gain,Cardio
53,29,Male,74,177,Intermediate,45 mins/day,Home,Overall Fitness,Cardio
54,34,Female,69,166,Advanced,60 mins/day,Gym,Muscle Gain,Strength Training
55,36,Male,86,183,Advanced,60 mins/day,Outdoor,Weight Loss,Yoga
56,28,Female,63,160,Beginner,30 mins/day,Home,Cardio,Overall Fitness
57,33,Male,79,178,Intermediate,45 mins/day,Gym,Weight Loss,Strength Training
58,25,Female,60,162,Beginner,30 mins/day,Outdoor,Cardio,Overall Fitness
59,30,Male,76,182,Intermediate,50 mins/day,Gym,Muscle Gain,Yoga
60,27,Female,61,165,Intermediate,35 mins/day,Outdoor,Weight Loss,Strength Training
61,39,Male,85,188,Advanced,60 mins/day,Home,Muscle Gain,Strength Training
62,22,Female,57,158,Beginner,30 mins/day,Outdoor,Cardio,Muscle Gain
63,38,Male,92,195,Advanced,60 mins/day,Gym,Overall Fitness,Cardio
64,29,Female,64,165,Intermediate,45 mins/day,Home,Weight Loss,Strength Training
65,27,Male,78,180,Intermediate,50 mins/day,Gym,Cardio,Muscle Gain
66,35,Female,68,167,Intermediate,35 mins/day,Outdoor,Cardio,Overall Fitness
67,30,Male,77,178,Intermediate,45 mins/day,Home,Weight Loss,Yoga
68,28,Female,62,163,Beginner,30 mins/day,Outdoor,Muscle Gain,Strength Training
69,32,Male,84,185,Advanced,60 mins/day,Gym,Overall Fitness,Cardio
70,24,Female,58,160,Beginner,30 mins/day,Home,Cardio,Strength Training
71,31,Male,80,175,Advanced,60 mins/day,Outdoor,Weight Loss,Muscle Gain
72,29,Female,66,170,Intermediate,40 mins/day,Gym,Overall Fitness,Cardio
73,37,Male,90,188,Advanced,60 mins/day,Home,Overall Fitness,Muscle Gain
74,26,Female,59,165,Intermediate,45 mins/day,Outdoor,Weight Loss,Strength Training
75,33,Male,82,183,Advanced,60 mins/day,Gym,Muscle Gain,Yoga
76,28,Female,64,162,Beginner,30 mins/day,Home,Cardio,Overall Fitness
77,35,Male,88,190,Advanced,60 mins/day,Outdoor,Overall Fitness,Muscle Gain
78,24,Female,55,158,Beginner,30 mins/day,Outdoor,Cardio,Strength Training
79,36,Male,84,185,Advanced,60 mins/day,Gym,Weight Loss,Yoga
80,31,Female,61,167,Intermediate,45 mins/day,Home,Muscle Gain,Cardio
81,34,Male,79,178,Intermediate,50 mins/day,Outdoor,Overall Fitness,Strength Training
82,28,Female,62,165,Intermediate,35 mins/day,Gym,Muscle Gain,Cardio
83,29,Male,74,177,Intermediate,45 mins/day,Home,Overall Fitness,Cardio
84,34,Female,69,166,Advanced,60 mins/day,Gym,Muscle Gain,Strength Training
85,36,Male,86,183,Advanced,60 mins/day,Outdoor,Weight Loss,Yoga
86,28,Female,63,160,Beginner,30 mins/day,Home,Cardio,Overall Fitness
87,33,Male,79,178,Intermediate,45 mins/day,Gym,Weight Loss,Strength Training
88,25,Female,60,162,Beginner,30 mins/day,Outdoor,Cardio,Overall Fitness
89,30,Male,76,182,Intermediate,50 mins/day,Gym,Muscle Gain,Yoga
90,27,Female,61,165,Intermediate,35 mins/day,Outdoor,Weight Loss,Strength Training
91,39,Male,85,188,Advanced,60 mins/day,Home,Muscle Gain,Strength Training
92,22,Female,57,158,Beginner,30 mins/day,Outdoor,Cardio,Muscle Gain
93,38,Male,92,195,Advanced,60 mins/day,Gym,Overall Fitness,Cardio
94,29,Female,64,165,Intermediate,45 mins/day,Home,Weight Loss,Strength Training
95,27,Male,78,180,Intermediate,50 mins/day,Gym,Cardio,Muscle Gain
96,35,Female,68,167,Intermediate,35 mins/day,Outdoor,Cardio,Overall Fitness
97,30,Male,77,178,Intermediate,45 mins/day,Home,Weight Loss,Yoga
98,28,Female,62,163,Beginner,30 mins/day,Outdoor,Muscle Gain,Strength Training
99,32,Male,84,185,Advanced,60 mins/day,Gym,Overall Fitness,Cardio
100,24,Female,58,160,Beginner,30 mins/day,Home,Cardio,Strength Training
101,31,Male,80,175,Advanced,60 mins/day,Outdoor,Weight Loss,Muscle Gain
102,29,Female,66,170,Intermediate,40 mins/day,Gym,Overall Fitness,Cardio
103,37,Male,90,188,Advanced,60 mins/day,Home,Overall Fitness,Muscle Gain
104,26,Female,59,165,Intermediate,45 mins/day,Outdoor,Weight Loss,Strength Training
105,33,Male,82,183,Advanced,60 mins/day,Gym,Muscle Gain,Yoga
106,28,Female,64,162,Beginner,30 mins/day,Home,Cardio,Overall Fitness
107,35,Male,88,190,Advanced,60 mins/day,Outdoor,Overall Fitness,Muscle Gain
108,24,Female,55,158,Beginner,30 mins/day,Outdoor,Cardio,Strength Training
109,36,Male,84,185,Advanced,60 mins/day,Gym,Weight Loss,Yoga
110,31,Female,61,167,Intermediate,45 mins/day,Home,Muscle Gain,Cardio
111,34,Male,79,178,Intermediate,50 mins/day,Outdoor,Overall Fitness,Strength Training
112,28,Female,62,165,Intermediate,35 mins/day,Gym,Muscle Gain,Cardio
113,29,Male,74,177,Intermediate,45 mins/day,Home,Overall Fitness,Cardio
114,34,Female,69,166,Advanced,60 mins/day,Gym,Muscle Gain,Strength Training
115,36,Male,86,183,Advanced,60 mins/day,Outdoor,Weight Loss,Yoga
116,28,Female,63,160,Beginner,30 mins/day,Home,Cardio,Overall Fitness
117,33,Male,79,178,Intermediate,45 mins/day,Gym,Weight Loss,Strength Training
118,25,Female,60,162,Beginner,30 mins/day,Outdoor,Cardio,Overall Fitness
119,30,Male,76,182,Intermediate,50 mins/day,Gym,Muscle Gain,Yoga
120,27,Female,61,165,Intermediate,35 mins/day,Outdoor,Weight Loss,Strength Training
121,39,Male,85,188,Advanced,60 mins/day,Home,Muscle Gain,Strength Training
122,22,Female,57,158,Beginner,30 mins/day,Outdoor,Cardio,Muscle Gain
123,38,Male,92,195,Advanced,60 mins/day,Gym,Overall Fitness,Cardio
124,29,Female,64,165,Intermediate,45 mins/day,Home,Weight Loss,Strength Training
125,27,Male,78,180,Intermediate,50 mins/day,Gym,Cardio,Muscle Gain
126,35,Female,68,167,Intermediate,35 mins/day,Outdoor,Cardio,Overall Fitness
127,30,Male,77,178,Intermediate,45 mins/day,Home,Weight Loss,Yoga
128,28,Female,62,163,Beginner,30 mins/day,Outdoor,Muscle Gain,Strength Training
129,32,Male,84,185,Advanced,60 mins/day,Gym,Overall Fitness,Cardio
130,24,Female,58,160,Beginner,30 mins/day,Home,Cardio,Strength Training
131,31,Male,80,175,Advanced,60 mins/day,Outdoor,Weight Loss,Muscle Gain
132,29,Female,66,170,Intermediate,40 mins/day,Gym,Overall Fitness,Cardio
133,37,Male,90,188,Advanced,60 mins/day,Home,Overall Fitness,Muscle Gain
134,26,Female,59,165,Intermediate,45 mins/day,Outdoor,Weight Loss,Strength Training
135,33,Male,82,183,Advanced,60 mins/day,Gym,Muscle Gain,Yoga
136,28,Female,64,162,Beginner,30 mins/day,Home,Cardio,Overall Fitness
137,35,Male,88,190,Advanced,60 mins/day,Outdoor,Overall Fitness,Muscle Gain
138,24,Female,55,158,Beginner,30 mins/day,Outdoor,Cardio,Strength Training
139,36,Male,84,185,Advanced,60 mins/day,Gym,Weight Loss,Yoga
140,31,Female,61,167,Intermediate,45 mins/day,Home,Muscle Gain,Cardio
141,34,Male,79,178,Intermediate,50 mins/day,Outdoor,Overall Fitness,Strength Training
142,28,Female,62,165,Intermediate,35 mins/day,Gym,Muscle Gain,Cardio
143,29,Male,74,177,Intermediate,45 mins/day,Home,Overall Fitness,Cardio
144,34,Female,69,166,Advanced,60 mins/day,Gym,Muscle Gain,Strength Training
145,36,Male,86,183,Advanced,60 mins/day,Outdoor,Weight Loss,Yoga
146,28,Female,63,160,Beginner,30 mins/day,Home,Cardio,Overall Fitness
147,33,Male,79,178,Intermediate,45 mins/day,Gym,Weight Loss,Strength Training
148,25,Female,60,162,Beginner,30 mins/day,Outdoor,Cardio,Overall Fitness
149,30,Male,76,182,Intermediate,50 mins/day,Gym,Muscle Gain,Yoga
150,27,Female,61,165,Intermediate,35 mins/day,Outdoor,Weight Loss,Strength Training
151,39,Male,85,188,Advanced,60 mins/day,Home,Muscle Gain,Strength Training
152,22,Female,57,158,Beginner,30 mins/day,Outdoor,Cardio,Muscle Gain
153,38,Male,92,195,Advanced,60 mins/day,Gym,Overall Fitness,Cardio
154,29,Female,64,165,Intermediate,45 mins/day,Home,Weight Loss,Strength Training
155,27,Male,78,180,Intermediate,50 mins/day,Gym,Cardio,Muscle Gain
156,35,Female,68,167,Intermediate,35 mins/day,Outdoor,Cardio,Overall Fitness
157,30,Male,77,178,Intermediate,45 mins/day,Home,Weight Loss,Yoga
158,28,Female,62,163,Beginner,30 mins/day,Outdoor,Muscle Gain,Strength Training
159,32,Male,84,185,Advanced,60 mins/day,Gym,Overall Fitness,Cardio
160,24,Female,58,160,Beginner,30 mins/day,Home,Cardio,Strength Training
161,31,Male,80,175,Advanced,60 mins/day,Outdoor,Weight Loss,Muscle Gain
162,29,Female,66,170,Intermediate,40 mins/day,Gym,Overall Fitness,Cardio
163,37,Male,90,188,Advanced,60 mins/day,Home,Overall Fitness,Muscle Gain
164,33,Male,79,180,Intermediate,45 mins/day,Gym,Weight Loss,Strength Training
165,25,Female,60,163,Beginner,30 mins/day,Home,Cardio,Overall Fitness
166,30,Male,76,182,Intermediate,50 mins/day,Gym,Muscle Gain,Yoga
167,27,Female,61,165,Intermediate,35 mins/day,Outdoor,Weight Loss,Strength Training
168,39,Male,85,188,Advanced,60 mins/day,Home,Muscle Gain,Strength Training
169,22,Female,57,158,Beginner,30 mins/day,Outdoor,Cardio,Muscle Gain
170,38,Male,92,195,Advanced,60 mins/day,Gym,Overall Fitness,Cardio
171,29,Female,64,165,Intermediate,45 mins/day,Home,Weight Loss,Strength Training
172,27,Male,78,180,Intermediate,50 mins/day,Gym,Cardio,Muscle Gain
173,35,Female,68,167,Intermediate,35 mins/day,Outdoor,Cardio,Overall Fitness
174,30,Male,77,178,Intermediate,45 mins/day,Home,Weight Loss,Yoga
175,28,Female,62,163,Beginner,30 mins/day,Outdoor,Muscle Gain,Strength Training
176,32,Male,84,185,Advanced,60 mins/day,Gym,Overall Fitness,Cardio
177,24,Female,58,160,Beginner,30 mins/day,Home,Cardio,Strength Training
178,31,Male,80,175,Advanced,60 mins/day,Outdoor,Weight Loss,Muscle Gain
179,29,Female,66,170,Intermediate,40 mins/day,Gym,Overall Fitness,Cardio
180,37,Male,90,188,Advanced,60 mins/day,Home,Overall Fitness,Muscle Gain
181,26,Female,59,165,Intermediate,45 mins/day,Outdoor,Weight Loss,Strength Training
182,33,Male,82,183,Advanced,60 mins/day,Gym,Muscle Gain,Yoga
183,28,Female,64,162,Beginner,30 mins/day,Home,Cardio,Overall Fitness
184,35,Male,88,190,Advanced,60 mins/day,Outdoor,Overall Fitness,Muscle Gain
185,24,Female,55,158,Beginner,30 mins/day,Outdoor,Cardio,Strength Training
186,36,Male,84,185,Advanced,60 mins/day,Gym,Weight Loss,Yoga
187,31,Female,61,167,Intermediate,45 mins/day,Home,Muscle Gain,Cardio
188,39,Male,87,186,Advanced,60 mins/day,Gym,Overall Fitness,Strength Training
189,28,Female,63,162,Beginner,30 mins/day,Outdoor,Cardio,Overall Fitness
190,33,Male,79,180,Intermediate,45 mins/day,Gym,Weight Loss,Strength Training
191,25,Female,60,163,Beginner,30 mins/day,Home,Cardio,Overall Fitness
192,30,Male,76,182,Intermediate,50 mins/day,Gym,Muscle Gain,Yoga
193,27,Female,61,165,Intermediate,35 mins/day,Outdoor,Weight Loss,Strength Training
194,39,Male,85,188,Advanced,60 mins/day,Home,Muscle Gain,Strength Training
195,22,Female,57,158,Beginner,30 mins/day,Outdoor,Cardio,Muscle Gain
196,38,Male,92,195,Advanced,60 mins/day,Gym,Overall Fitness,Cardio
197,29,Female,64,165,Intermediate,45 mins/day,Home,Weight Loss,Strength Training
198,27,Male,78,180,Intermediate,50 mins/day,Gym,Cardio,Muscle Gain
199,35,Female,68,167,Intermediate,35 mins/day,Outdoor,Cardio,Overall Fitness
200,30,Male,77,178,Intermediate,45 mins/day,Home,Weight Loss,Yoga
201,28,Female,62,163,Beginner,30 mins/day,Outdoor,Muscle Gain,Strength Training
202,32,Male,84,185,Advanced,60 mins/day,Gym,Overall Fitness,Cardio
203,24,Female,58,160,Beginner,30 mins/day,Home,Cardio,Strength Training
204,31,Male,80,175,Advanced,60 mins/day,Outdoor,Weight Loss,Muscle Gain
205,29,Female,66,170,Intermediate,40 mins/day,Gym,Overall Fitness,Cardio
206,37,Male,90,188,Advanced,60 mins/day,Home,Overall Fitness,Muscle Gain
207,26,Female,59,165,Intermediate,45 mins/day,Outdoor,Weight Loss,Strength Training
208,33,Male,82,183,Advanced,60 mins/day,Gym,Muscle Gain,Yoga
209,28,Female,64,162,Beginner,30 mins/day,Home,Cardio,Overall Fitness
210,35,Male,88,190,Advanced,60 mins/day,Outdoor,Overall Fitness,Muscle Gain
211,24,Female,55,158,Beginner,30 mins/day,Outdoor,Cardio,Strength Training
212,36,Male,84,185,Advanced,60 mins/day,Gym,Weight Loss,Yoga
213,31,Female,61,167,Intermediate,45 mins/day,Home,Muscle Gain,Cardio
214,39,Male,87,186,Advanced,60 mins/day,Gym,Overall Fitness,Strength Training
215,28,Female,63,162,Beginner,30 mins/day,Outdoor,Cardio,Overall Fitness
216,33,Male,79,180,Intermediate,45 mins/day,Gym,Weight Loss,Strength Training
217,25,Female,60,163,Beginner,30 mins/day,Home,Cardio,Overall Fitness
218,30,Male,76,182,Intermediate,50 mins/day,Gym,Muscle Gain,Yoga
219,27,Female,61,165,Intermediate,35 mins/day,Outdoor,Weight Loss,Strength Training
220,39,Male,85,188,Advanced,60 mins/day,Home,Muscle Gain,Strength Training
221,22,Female,57,158,Beginner,30 mins/day,Outdoor,Cardio,Muscle Gain
222,38,Male,92,195,Advanced,60 mins/day,Gym,Overall Fitness,Cardio
223,29,Female,64,165,Intermediate,45 mins/day,Home,Weight Loss,Strength Training
224,27,Male,78,180,Intermediate,50 mins/day,Gym,Cardio,Muscle Gain
225,35,Female,68,167,Intermediate,35 mins/day,Outdoor,Cardio,Overall Fitness
226,30,Male,77,178,Intermediate,45 mins/day,Home,Weight Loss,Yoga
227,28,Female,62,163,Beginner,30 mins/day,Outdoor,Muscle Gain,Strength Training
228,32,Male,84,185,Advanced,60 mins/day,Gym,Overall Fitness,Cardio
229,24,Female,58,160,Beginner,30 mins/day,Home,Cardio,Strength Training
230,31,Male,80,175,Advanced,60 mins/day,Outdoor,Weight Loss,Muscle Gain
231,29,Female,66,170,Intermediate,40 mins/day,Gym,Overall Fitness,Cardio
232,37,Male,90,188,Advanced,60 mins/day,Home,Overall Fitness,Muscle Gain
233,26,Female,59,165,Intermediate,45 mins/day,Outdoor,Weight Loss,Strength Training
234,33,Male,82,183,Advanced,60 mins/day,Gym,Muscle Gain,Yoga
235,28,Female,64,162,Beginner,30 mins/day,Home,Cardio,Overall Fitness
236,35,Male,88,190,Advanced,60 mins/day,Outdoor,Overall Fitness,Muscle Gain
237,24,Female,55,158,Beginner,30 mins/day,Outdoor,Cardio,Strength Training
238,36,Male,84,185,Advanced,60 mins/day,Gym,Weight Loss,Yoga
239,31,Female,61,167,Intermediate,45 mins/day,Home,Muscle Gain,Cardio
240,39,Male,87,186,Advanced,60 mins/day,Gym,Overall Fitness,Strength Training
241,28,Female,63,162,Beginner,30 mins/day,Outdoor,Cardio,Overall Fitness
242,33,Male,79,180,Intermediate,45 mins/day,Gym,Weight Loss,Strength Training
243,25,Female,60,163,Beginner,30 mins/day,Home,Cardio,Overall Fitness
244,30,Male,76,182,Intermediate,50 mins/day,Gym,Muscle Gain,Yoga
245,27,Female,61,165,Intermediate,35 mins/day,Outdoor,Weight Loss,Strength Training
246,39,Male,85,188,Advanced,60 mins/day,Home,Muscle Gain,Strength Training
247,22,Female,57,158,Beginner,30 mins/day,Outdoor,Cardio,Muscle Gain
248,38,Male,92,195,Advanced,60 mins/day,Gym,Overall Fitness,Cardio
249,29,Female,64,165,Intermediate,45 mins/day,Home,Weight Loss,Strength Training
250,27,Male,78,180,Intermediate,50 mins/day,Gym,Cardio,Muscle Gain
251,35,Female,68,167,Intermediate,35 mins/day,Outdoor,Cardio,Overall Fitness
252,30,Male,77,178,Intermediate,45 mins/day,Home,Weight Loss,Yoga
253,28,Female,62,163,Beginner,30 mins/day,Outdoor,Muscle Gain,Strength Training
254,32,Male,84,185,Advanced,60 mins/day,Gym,Overall Fitness,Cardio
255,24,Female,58,160,Beginner,30 mins/day,Home,Cardio,Strength Training
256,31,Male,80,175,Advanced,60 mins/day,Outdoor,Weight Loss,Muscle Gain
257,29,Female,66,170,Intermediate,40 mins/day,Gym,Overall Fitness,Cardio
258,37,Male,90,188,Advanced,60 mins/day,Home,Overall Fitness,Muscle Gain
259,26,Female,59,165,Intermediate,45 mins/day,Outdoor,Weight Loss,Strength Training
260,33,Male,82,183,Advanced,60 mins/day,Gym,Muscle Gain,Yoga
261,28,Female,64,162,Beginner,30 mins/day,Home,Cardio,Overall Fitness
262,35,Male,88,190,Advanced,60 mins/day,Outdoor,Overall Fitness,Muscle Gain
263,24,Female,55,158,Beginner,30 mins/day,Outdoor,Cardio,Strength Training
264,36,Male,84,185,Advanced,60 mins/day,Gym,Weight Loss,Yoga
265,31,Female,61,167,Intermediate,45 mins/day,Home,Muscle Gain,Cardio
266,39,Male,87,186,Advanced,60 mins/day,Gym,Overall Fitness,Strength Training
267,28,Female,63,162,Beginner,30 mins/day,Outdoor,Cardio,Overall Fitness
268,33,Male,79,180,Intermediate,45 mins/day,Gym,Weight Loss,Strength Training
269,25,Female,60,163,Beginner,30 mins/day,Home,Cardio,Overall Fitness
270,30,Male,76,182,Intermediate,50 mins/day,Gym,Muscle Gain,Yoga
271,27,Female,61,165,Intermediate,35 mins/day,Outdoor,Weight Loss,Strength Training
272,39,Male,85,188,Advanced,60 mins/day,Home,Muscle Gain,Strength Training
273,22,Female,57,158,Beginner,30 mins/day,Outdoor,Cardio,Muscle Gain
274,38,Male,92,195,Advanced,60 mins/day,Gym,Overall Fitness,Cardio
275,29,Female,64,165,Intermediate,45 mins/day,Home,Weight Loss,Strength Training
276,27,Male,78,180,Intermediate,50 mins/day,Gym,Cardio,Muscle Gain
277,35,Female,68,167,Intermediate,35 mins/day,Outdoor,Cardio,Overall Fitness
278,30,Male,77,178,Intermediate,45 mins/day,Home,Weight Loss,Yoga
279,28,Female,62,163,Beginner,30 mins/day,Outdoor,Muscle Gain,Strength Training
280,32,Male,84,185,Advanced,60 mins/day,Gym,Overall Fitness,Cardio
281,24,Female,58,160,Beginner,30 mins/day,Home,Cardio,Strength Training
282,31,Male,80,175,Advanced,60 mins/day,Outdoor,Weight Loss,Muscle Gain
283,29,Female,66,170,Intermediate,40 mins/day,Gym,Overall Fitness,Cardio
284,37,Male,90,188,Advanced,60 mins/day,Home,Overall Fitness,Muscle Gain
285,26,Female,59,165,Intermediate,45 mins/day,Outdoor,Weight Loss,Strength Training
286,33,Male,82,183,Advanced,60 mins/day,Gym,Muscle Gain,Yoga
287,28,Female,64,162,Beginner,30 mins/day,Home,Cardio,Overall Fitness
288,35,Male,88,190,Advanced,60 mins/day,Outdoor,Overall Fitness,Muscle Gain
289,24,Female,55,158,Beginner,30 mins/day,Outdoor,Cardio,Strength Training
290,36,Male,84,185,Advanced,60 mins/day,Gym,Weight Loss,Yoga
291,31,Female,61,167,Intermediate,45 mins/day,Home,Muscle Gain,Cardio
292,39,Male,87,186,Advanced,60 mins/day,Gym,Overall Fitness,Strength Training
293,28,Female,63,162,Beginner,30 mins/day,Outdoor,Cardio,Overall Fitness
294,33,Male,79,180,Intermediate,45 mins/day,Gym,Weight Loss,Strength Training
295,25,Female,60,163,Beginner,30 mins/day,Home,Cardio,Overall Fitness
296,30,Male,76,182,Intermediate,50 mins/day,Gym,Muscle Gain,Yoga
297,27,Female,61,165,Intermediate,35 mins/day,Outdoor,Weight Loss,Strength Training
298,39,Male,85,188,Advanced,60 mins/day,Home,Muscle Gain,Strength Training
299,22,Female,57,158,Beginner,30 mins/day,Outdoor,Cardio,Muscle Gain
300,38,Male,92,195,Advanced,60 mins/day,Gym,Overall Fitness,Cardio
301,29,Female,64,165,Intermediate,45 mins/day,Home,Weight Loss,Strength Training
302,27,Male,78,180,Intermediate,50 mins/day,Gym,Cardio,Muscle Gain
303,35,Female,68,167,Intermediate,35 mins/day,Outdoor,Cardio,Overall Fitness
304,30,Male,77,178,Intermediate,45 mins/day,Home,Weight Loss,Yoga
305,28,Female,62,163,Beginner,30 mins/day,Outdoor,Muscle Gain,Strength Training
306,32,Male,84,185,Advanced,60 mins/day,Gym,Overall Fitness,Cardio
307,24,Female,58,160,Beginner,30 mins/day,Home,Cardio,Strength Training
308,31,Male,80,175,Advanced,60 mins/day,Outdoor,Weight Loss,Muscle Gain
309,29,Female,66,170,Intermediate,40 mins/day,Gym,Overall Fitness,Cardio
310,37,Male,90,188,Advanced,60 mins/day,Home,Overall Fitness,Muscle Gain
311,26,Female,59,165,Intermediate,45 mins/day,Outdoor,Weight Loss,Strength Training
312,33,Male,82,183,Advanced,60 mins/day,Gym,Muscle Gain,Yoga
313,28,Female,64,162,Beginner,30 mins/day,Home,Cardio,Overall Fitness
314,35,Male,88,190,Advanced,60 mins/day,Outdoor,Overall Fitness,Muscle Gain
315,24,Female,55,158,Beginner,30 mins/day,Outdoor,Cardio,Strength Training
316,36,Male,84,185,Advanced,60 mins/day,Gym,Weight Loss,Yoga
317,31,Female,61,167,Intermediate,45 mins/day,Home,Muscle Gain,Cardio
318,39,Male,87,186,Advanced,60 mins/day,Gym,Overall Fitness,Strength Training
319,28,Female,63,162,Beginner,30 mins/day,Outdoor,Cardio,Overall Fitness
320,33,Male,79,180,Intermediate,45 mins/day,Gym,Weight Loss,Strength Training
321,25,Female,60,163,Beginner,30 mins/day,Home,Cardio,Overall Fitness
322,30,Male,76,182,Intermediate,50 mins/day,Gym,Muscle Gain,Yoga
323,27,Female,61,165,Intermediate,35 mins/day,Outdoor,Weight Loss,Strength Training
324,39,Male,85,188,Advanced,60 mins/day,Home,Muscle Gain,Strength Training
325,22,Female,57,158,Beginner,30 mins/day,Outdoor,Cardio,Muscle Gain
326,38,Male,92,195,Advanced,60 mins/day,Gym,Overall Fitness,Cardio
327,29,Female,64,165,Intermediate,45 mins/day,Home,Weight Loss,Strength Training
328,27,Male,78,180,Intermediate,50 mins/day,Gym,Cardio,Muscle Gain
329,35,Female,68,167,Intermediate,35 mins/day,Outdoor,Cardio,Overall Fitness
330,30,Male,77,178,Intermediate,45 mins/day,Home,Weight Loss,Yoga
331,28,Female,62,163,Beginner,30 mins/day,Outdoor,Muscle Gain,Strength Training
332,32,Male,84,185,Advanced,60 mins/day,Gym,Overall Fitness,Cardio
333,24,Female,58,160,Beginner,30 mins/day,Home,Cardio,Strength Training
334,31,Male,80,175,Advanced,60 mins/day,Outdoor,Weight Loss,Muscle Gain
335,29,Female,66,170,Intermediate,40 mins/day,Gym,Overall Fitness,Cardio
336,37,Male,90,188,Advanced,60 mins/day,Home,Overall Fitness,Muscle Gain
337,26,Female,59,165,Intermediate,45 mins/day,Outdoor,Weight Loss,Strength Training
338,33,Male,82,183,Advanced,60 mins/day,Gym,Muscle Gain,Yoga
339,28,Female,64,162,Beginner,30 mins/day,Home,Cardio,Overall Fitness
340,35,Male,88,190,Advanced,60 mins/day,Outdoor,Overall Fitness,Muscle Gain
341,24,Female,55,158,Beginner,30 mins/day,Outdoor,Cardio,Strength Training
342,36,Male,84,185,Advanced,60 mins/day,Gym,Weight Loss,Yoga
343,31,Female,61,167,Intermediate,45 mins/day,Home,Muscle Gain,Cardio
344,39,Male,87,186,Advanced,60 mins/day,Gym,Overall Fitness,Strength Training
345,28,Female,63,162,Beginner,30 mins/day,Outdoor,Cardio,Overall Fitness
346,33,Male,79,180,Intermediate,45 mins/day,Gym,Weight Loss,Strength Training
347,25,Female,60,163,Beginner,30 mins/day,Home,Cardio,Overall Fitness
348,30,Male,76,182,Intermediate,50 mins/day,Gym,Muscle Gain,Yoga
349,27,Female,61,165,Intermediate,35 mins/day,Outdoor,Weight Loss,Strength Training
350,39,Male,85,188,Advanced,60 mins/day,Home,Muscle Gain,Strength Training
351,22,Female,57,158,Beginner,30 mins/day,Outdoor,Cardio,Muscle Gain
352,38,Male,92,195,Advanced,60 mins/day,Gym,Overall Fitness,Cardio
353,29,Female,64,165,Intermediate,45 mins/day,Home,Weight Loss,Strength Training
354,27,Male,78,180,Intermediate,50 mins/day,Gym,Cardio,Muscle Gain
354,28,Female,64,162,Beginner,30 mins/day,Home,Cardio,Overall Fitness
355,35,Male,88,190,Advanced,60 mins/day,Outdoor,Overall Fitness,Muscle Gain
356,24,Female,55,158,Beginner,30 mins/day,Outdoor,Cardio,Strength Training
357,36,Male,84,185,Advanced,60 mins/day,Gym,Weight Loss,Yoga
358,31,Female,61,167,Intermediate,45 mins/day,Home,Muscle Gain,Cardio
359,39,Male,87,186,Advanced,60 mins/day,Gym,Overall Fitness,Strength Training
360,28,Female,63,162,Beginner,30 mins/day,Outdoor,Cardio,Overall Fitness
361,33,Male,79,180,Intermediate,45 mins/day,Gym,Weight Loss,Strength Training
362,25,Female,60,163,Beginner,30 mins/day,Home,Cardio,Overall Fitness
363,30,Male,76,182,Intermediate,50 mins/day,Gym,Muscle Gain,Yoga
364,27,Female,61,165,Intermediate,35 mins/day,Outdoor,Weight Loss,Strength Training
365,39,Male,85,188,Advanced,60 mins/day,Home,Muscle Gain,Strength Training
366,22,Female,57,158,Beginner,30 mins/day,Outdoor,Cardio,Muscle Gain
367,38,Male,92,195,Advanced,60 mins/day,Gym,Overall Fitness,Cardio
368,29,Female,64,165,Intermediate,45 mins/day,Home,Weight Loss,Strength Training
369,27,Male,78,180,Intermediate,50 mins/day,Gym,Cardio,Muscle Gain
370,35,Female,68,167,Intermediate,35 mins/day,Outdoor,Cardio,Overall Fitness
371,30,Male,77,178,Intermediate,45 mins/day,Home,Weight Loss,Yoga
372,28,Female,62,163,Beginner,30 mins/day,Outdoor,Muscle Gain,Strength Training
373,32,Male,84,185,Advanced,60 mins/day,Gym,Overall Fitness,Cardio
374,24,Female,58,160,Beginner,30 mins/day,Home,Cardio,Strength Training
375,31,Male,80,175,Advanced,60 mins/day,Outdoor,Weight Loss,Muscle Gain
376,29,Female,66,170,Intermediate,40 mins/day,Gym,Overall Fitness,Cardio
377,37,Male,90,188,Advanced,60 mins/day,Home,Overall Fitness,Muscle Gain
378,26,Female,59,165,Intermediate,45 mins/day,Outdoor,Weight Loss,Strength Training
379,33,Male,82,183,Advanced,60 mins/day,Gym,Muscle Gain,Yoga
380,28,Female,64,162,Beginner,30 mins/day,Home,Cardio,Overall Fitness
381,35,Male,88,190,Advanced,60 mins/day,Outdoor,Overall Fitness,Muscle Gain
382,24,Female,55,158,Beginner,30 mins/day,Outdoor,Cardio,Strength Training
383,36,Male,84,185,Advanced,60 mins/day,Gym,Weight Loss,Yoga
384,31,Female,61,167,Intermediate,45 mins/day,Home,Muscle Gain,Cardio
385,39,Male,87,186,Advanced,60 mins/day,Gym,Overall Fitness,Strength Training
386,28,Female,63,162,Beginner,30 mins/day,Outdoor,Cardio,Overall Fitness
387,33,Male,79,180,Intermediate,45 mins/day,Gym,Weight Loss,Strength Training
388,25,Female,60,163,Beginner,30 mins/day,Home,Cardio,Overall Fitness
389,30,Male,76,182,Intermediate,50 mins/day,Gym,Muscle Gain,Yoga
390,27,Female,61,165,Intermediate,35 mins/day,Outdoor,Weight Loss,Strength Training
391,39,Male,85,188,Advanced,60 mins/day,Home,Muscle Gain,Strength Training
392,22,Female,57,158,Beginner,30 mins/day,Outdoor,Cardio,Muscle Gain
393,38,Male,92,195,Advanced,60 mins/day,Gym,Overall Fitness,Cardio
394,29,Female,64,165,Intermediate,45 mins/day,Home,Weight Loss,Strength Training
395,27,Male,78,180,Intermediate,50 mins/day,Gym,Cardio,Muscle Gain
396,35,Female,68,167,Intermediate,35 mins/day,Outdoor,Cardio,Overall Fitness
397,30,Male,77,178,Intermediate,45 mins/day,Home,Weight Loss,Yoga
398,28,Female,62,163,Beginner,30 mins/day,Outdoor,Muscle Gain,Strength Training
399,32,Male,84,185,Advanced,60 mins/day,Gym,Overall Fitness,Cardio
400,24,Female,58,160,Beginner,30 mins/day,Home,Cardio,Strength Training
401,31,Male,80,175,Advanced,60 mins/day,Outdoor,Weight Loss,Muscle Gain
402,29,Female,66,170,Intermediate,40 mins/day,Gym,Overall Fitness,Cardio
403,37,Male,90,188,Advanced,60 mins/day,Home,Overall Fitness,Muscle Gain
404,26,Female,59,165,Intermediate,45 mins/day,Outdoor,Weight Loss,Strength Training
405,33,Male,82,183,Advanced,60 mins/day,Gym,Muscle Gain,Yoga
406,28,Female,64,162,Beginner,30 mins/day,Home,Cardio,Overall Fitness
407,35,Male,88,190,Advanced,60 mins/day,Outdoor,Overall Fitness,Muscle Gain
408,24,Female,55,158,Beginner,30 mins/day,Outdoor,Cardio,Strength Training
409,36,Male,84,185,Advanced,60 mins/day,Gym,Weight Loss,Yoga
410,31,Female,61,167,Intermediate,45 mins/day,Home,Muscle Gain,Cardio
411,39,Male,87,186,Advanced,60 mins/day,Gym,Overall Fitness,Strength Training
412,28,Female,63,162,Beginner,30 mins/day,Outdoor,Cardio,Overall Fitness
413,33,Male,79,180,Intermediate,45 mins/day,Gym,Weight Loss,Strength Training
414,25,Female,60,163,Beginner,30 mins/day,Home,Cardio,Overall Fitness
415,30,Male,76,182,Intermediate,50 mins/day,Gym,Muscle Gain,Yoga
416,27,Female,61,165,Intermediate,35 mins/day,Outdoor,Weight Loss,Strength Training
417,39,Male,85,188,Advanced,60 mins/day,Home,Muscle Gain,Strength Training
418,22,Female,57,158,Beginner,30 mins/day,Outdoor,Cardio,Muscle Gain
419,38,Male,92,195,Advanced,60 mins/day,Gym,Overall Fitness,Cardio
420,29,Female,64,165,Intermediate,45 mins/day,Home,Weight Loss,Strength Training
421,27,Male,78,180,Intermediate,50 mins/day,Gym,Cardio,Muscle Gain
422,35,Female,68,167,Intermediate,35 mins/day,Outdoor,Cardio,Overall Fitness
423,30,Male,77,178,Intermediate,45 mins/day,Home,Weight Loss,Yoga
424,28,Female,62,163,Beginner,30 mins/day,Outdoor,Muscle Gain,Strength Training
425,32,Male,84,185,Advanced,60 mins/day,Gym,Overall Fitness,Cardio
426,24,Female,58,160,Beginner,30 mins/day,Home,Cardio,Strength Training
427,31,Male,80,175,Advanced,60 mins/day,Outdoor,Weight Loss,Muscle Gain
428,29,Female,66,170,Intermediate,40 mins/day,Gym,Overall Fitness,Cardio
429,37,Male,90,188,Advanced,60 mins/day,Home,Overall Fitness,Muscle Gain
430,26,Female,59,165,Intermediate,45 mins/day,Outdoor,Weight Loss,Strength Training
431,33,Male,82,183,Advanced,60 mins/day,Gym,Muscle Gain,Yoga
432,28,Female,64,162,Beginner,30 mins/day,Home,Cardio,Overall Fitness
433,35,Male,88,190,Advanced,60 mins/day,Outdoor,Overall Fitness,Muscle Gain
434,24,Female,55,158,Beginner,30 mins/day,Outdoor,Cardio,Strength Training
435,36,Male,84,185,Advanced,60 mins/day,Gym,Weight Loss,Yoga
436,31,Female,61,167,Intermediate,45 mins/day,Home,Muscle Gain,Cardio
437,39,Male,87,186,Advanced,60 mins/day,Gym,Overall Fitness,Strength Training
438,28,Female,63,162,Beginner,30 mins/day,Outdoor,Cardio,Overall Fitness
439,33,Male,79,180,Intermediate,45 mins/day,Gym,Weight Loss,Strength Training
440,25,Female,60,163,Beginner,30 mins/day,Home,Cardio,Overall Fitness
441,30,Male,76,182,Intermediate,50 mins/day,Gym,Muscle Gain,Yoga
442,27,Female,61,165,Intermediate,35 mins/day,Outdoor,Weight Loss,Strength Training
443,39,Male,85,188,Advanced,60 mins/day,Home,Muscle Gain,Strength Training
444,22,Female,57,158,Beginner,30 mins/day,Outdoor,Cardio,Muscle Gain
445,26,Female,59,165,Intermediate,45 mins/day,Outdoor,Weight Loss,Strength Training
446,33,Male,82,183,Advanced,60 mins/day,Gym,Muscle Gain,Yoga
447,28,Female,64,162,Beginner,30 mins/day,Home,Cardio,Overall Fitness
448,35,Male,88,190,Advanced,60 mins/day,Outdoor,Overall Fitness,Muscle Gain
449,24,Female,55,158,Beginner,30 mins/day,Outdoor,Cardio,Strength Training
450,36,Male,84,185,Advanced,60 mins/day,Gym,Weight Loss,Yoga
451,31,Female,61,167,Intermediate,45 mins/day,Home,Muscle Gain,Cardio
452,39,Male,87,186,Advanced,60 mins/day,Gym,Overall Fitness,Strength Training
453,28,Female,63,162,Beginner,30 mins/day,Outdoor,Cardio,Overall Fitness
454,33,Male,79,180,Intermediate,45 mins/day,Gym,Weight Loss,Strength Training
455,25,Female,60,163,Beginner,30 mins/day,Home,Cardio,Overall Fitness
456,30,Male,76,182,Intermediate,50 mins/day,Gym,Muscle Gain,Yoga
457,27,Female,61,165,Intermediate,35 mins/day,Outdoor,Weight Loss,Strength Training
458,39,Male,85,188,Advanced,60 mins/day,Home,Muscle Gain,Strength Training
459,22,Female,57,158,Beginner,30 mins/day,Outdoor,Cardio,Muscle Gain
460,38,Male,92,195,Advanced,60 mins/day,Gym,Overall Fitness,Cardio
461,29,Female,64,165,Intermediate,45 mins/day,Home,Weight Loss,Strength Training
462,27,Male,78,180,Intermediate,50 mins/day,Gym,Cardio,Muscle Gain
463,35,Female,68,167,Intermediate,35 mins/day,Outdoor,Cardio,Overall Fitness
464,30,Male,77,178,Intermediate,45 mins/day,Home,Weight Loss,Yoga
465,28,Female,62,163,Beginner,30 mins/day,Outdoor,Muscle Gain,Strength Training
466,32,Male,84,185,Advanced,60 mins/day,Gym,Overall Fitness,Cardio
467,24,Female,58,160,Beginner,30 mins/day,Home,Cardio,Strength Training
468,31,Male,80,175,Advanced,60 mins/day,Outdoor,Weight Loss,Muscle Gain
469,29,Female,66,170,Intermediate,40 mins/day,Gym,Overall Fitness,Cardio
470,37,Male,90,188,Advanced,60 mins/day,Home,Overall Fitness,Muscle Gain
471,26,Female,59,165,Intermediate,45 mins/day,Outdoor,Weight Loss,Strength Training
472,33,Male,82,183,Advanced,60 mins/day,Gym,Muscle Gain,Yoga
473,28,Female,64,162,Beginner,30 mins/day,Home,Cardio,Overall Fitness
474,35,Male,88,190,Advanced,60 mins/day,Outdoor,Overall Fitness,Muscle Gain
475,24,Female,55,158,Beginner,30 mins/day,Outdoor,Cardio,Strength Training
476,36,Male,84,185,Advanced,60 mins/day,Gym,Weight Loss,Yoga
477,31,Female,61,167,Intermediate,45 mins/day,Home,Muscle Gain,Cardio
478,39,Male,87,186,Advanced,60 mins/day,Gym,Overall Fitness,Strength Training
479,28,Female,63,162,Beginner,30 mins/day,Outdoor,Cardio,Overall Fitness
480,33,Male,79,180,Intermediate,45 mins/day,Gym,Weight Loss,Strength Training
481,25,Female,60,163,Beginner,30 mins/day,Home,Cardio,Overall Fitness
482,30,Male,76,182,Intermediate,50 mins/day,Gym,Muscle Gain,Yoga
483,27,Female,61,165,Intermediate,35 mins/day,Outdoor,Weight Loss,Strength Training
484,39,Male,85,188,Advanced,60 mins/day,Home,Muscle Gain,Strength Training
485,22,Female,57,158,Beginner,30 mins/day,Outdoor,Cardio,Muscle Gain
486,38,Male,92,195,Advanced,60 mins/day,Gym,Overall Fitness,Cardio
487,29,Female,64,165,Intermediate,45 mins/day,Home,Weight Loss,Strength Training
488,27,Male,78,180,Intermediate,50 mins/day,Gym,Cardio,Muscle Gain
489,35,Female,68,167,Intermediate,35 mins/day,Outdoor,Cardio,Overall Fitness
490,30,Male,77,178,Intermediate,45 mins/day,Home,Weight Loss,Yoga
491,28,Female,62,163,Beginner,30 mins/day,Outdoor,Muscle Gain,Strength Training
492,32,Male,84,185,Advanced,60 mins/day,Gym,Overall Fitness,Cardio
493,24,Female,58,160,Beginner,30 mins/day,Home,Cardio,Strength Training
494,31,Male,80,175,Advanced,60 mins/day,Outdoor,Weight Loss,Muscle Gain
495,29,Female,66,170,Intermediate,40 mins/day,Gym,Overall Fitness,Cardio
496,37,Male,90,188,Advanced,60 mins/day,Home,Overall Fitness,Muscle Gain
497,26,Female,59,165,Intermediate,45 mins/day,Outdoor,Weight Loss,Strength Training
498,33,Male,82,183,Advanced,60 mins/day,Gym,Muscle Gain,Yoga
499,28,Female,64,162,Beginner,30 mins/day,Home,Cardio,Overall Fitness
500,35,Male,88,190,Advanced,60 mins/day,Outdoor,Overall Fitness,Muscle Gain
501,24,Female,55,158,Beginner,30 mins/day,Outdoor,Cardio,Strength Training
502,36,Male,84,185,Advanced,60 mins/day,Gym,Weight Loss,Yoga
503,31,Female,61,167,Intermediate,45 mins/day,Home,Muscle Gain,Cardio
504,39,Male,87,186,Advanced,60 mins/day,Gym,Overall Fitness,Strength Training
505,28,Female,63,162,Beginner,30 mins/day,Outdoor,Cardio,Overall Fitness
506,33,Male,79,180,Intermediate,45 mins/day,Gym,Weight Loss,Strength Training
507,25,Female,60,163,Beginner,30 mins/day,Home,Cardio,Overall Fitness
508,30,Male,76,182,Intermediate,50 mins/day,Gym,Muscle Gain,Yoga
509,27,Female,61,165,Intermediate,35 mins/day,Outdoor,Weight Loss,Strength Training
510,39,Male,85,188,Advanced,60 mins/day,Home,Muscle Gain,Strength Training
511,22,Female,57,158,Beginner,30 mins/day,Outdoor,Cardio,Muscle Gain
512,38,Male,92,195,Advanced,60 mins/day,Gym,Overall Fitness,Cardio
513,29,Female,64,165,Intermediate,45 mins/day,Home,Weight Loss,Strength Training
514,27,Male,78,180,Intermediate,50 mins/day,Gym,Cardio,Muscle Gain
515,35,Female,68,167,Intermediate,35 mins/day,Outdoor,Cardio,Overall Fitness
516,30,Male,77,178,Intermediate,45 mins/day,Home,Weight Loss,Yoga
517,28,Female,62,163,Beginner,30 mins/day,Outdoor,Muscle Gain,Strength Training
518,32,Male,84,185,Advanced,60 mins/day,Gym,Overall Fitness,Cardio
519,24,Female,58,160,Beginner,30 mins/day,Home,Cardio,Strength Training
520,31,Male,80,175,Advanced,60 mins/day,Outdoor,Weight Loss,Muscle Gain
521,29,Female,66,170,Intermediate,40 mins/day,Gym,Overall Fitness,Cardio
522,37,Male,90,188,Advanced,60 mins/day,Home,Overall Fitness,Muscle Gain
523,26,Female,59,165,Intermediate,45 mins/day,Outdoor,Weight Loss,Strength Training
524,33,Male,82,183,Advanced,60 mins/day,Gym,Muscle Gain,Yoga
525,28,Female,64,162,Beginner,30 mins/day,Home,Cardio,Overall Fitness
526,35,Male,88,190,Advanced,60 mins/day,Outdoor,Overall Fitness,Muscle Gain
527,24,Female,55,158,Beginner,30 mins/day,Outdoor,Cardio,Strength Training
528,36,Male,84,185,Advanced,60 mins/day,Gym,Weight Loss,Yoga
529,31,Female,61,167,Intermediate,45 mins/day,Home,Muscle Gain,Cardio
530,39,Male,87,186,Advanced,60 mins/day,Gym,Overall Fitness,Strength Training
531,28,Female,63,162,Beginner,30 mins/day,Outdoor,Cardio,Overall Fitness
532,33,Male,79,180,Intermediate,45 mins/day,Gym,Weight Loss,Strength Training
533,25,Female,60,163,Beginner,30 mins/day,Home,Cardio,Overall Fitness
534,30,Male,76,182,Intermediate,50 mins/day,Gym,Muscle Gain,Yoga
535,27,Female,61,165,Intermediate,35 mins/day,Outdoor,Weight Loss,Strength Training
536,39,Male,85,188,Advanced,60 mins/day,Home,Muscle Gain,Strength Training
537,22,Female,57,158,Beginner,30 mins/day,Outdoor,Cardio,Muscle Gain
538,38,Male,92,195,Advanced,60 mins/day,Gym,Overall Fitness,Cardio
539,29,Female,64,165,Intermediate,45 mins/day,Home,Weight Loss,Strength Training
540,27,Male,78,180,Intermediate,50 mins/day,Gym,Cardio,Muscle Gain
541,35,Female,68,167,Intermediate,35 mins/day,Outdoor,Cardio,Overall Fitness
542,30,Male,77,178,Intermediate,45 mins/day,Home,Weight Loss,Yoga
543,28,Female,62,163,Beginner,30 mins/day,Outdoor,Muscle Gain,Strength Training
544,32,Male,84,185,Advanced,60 mins/day,Gym,Overall Fitness,Cardio
545,24,Female,58,160,Beginner,30 mins/day,Home,Cardio,Strength Training
546,31,Male,80,175,Advanced,60 mins/day,Outdoor,Weight Loss,Muscle Gain
547,29,Female,66,170,Intermediate,40 mins/day,Gym,Overall Fitness,Cardio
548,37,Male,90,188,Advanced,60 mins/day,Home,Overall Fitness,Muscle Gain
549,26,Female,59,165,Intermediate,45 mins/day,Outdoor,Weight Loss,Strength Training
550,33,Male,82,183,Advanced,60 mins/day,Gym,Muscle Gain,Yoga
551,28,Female,64,162,Beginner,30 mins/day,Home,Cardio,Overall Fitness
552,35,Male,88,190,Advanced,60 mins/day,Outdoor,Overall Fitness,Muscle Gain
553,24,Female,55,158,Beginner,30 mins/day,Outdoor,Cardio,Strength Training
554,36,Male,84,185,Advanced,60 mins/day,Gym,Weight Loss,Yoga
555,31,Female,61,167,Intermediate,45 mins/day,Home,Muscle Gain,Cardio
556,39,Male,87,186,Advanced,60 mins/day,Gym,Overall Fitness,Strength Training
557,28,Female,63,162,Beginner,30 mins/day,Outdoor,Cardio,Overall Fitness
558,33,Male,79,180,Intermediate,45 mins/day,Gym,Weight Loss,Strength Training
559,25,Female,60,163,Beginner,30 mins/day,Home,Cardio,Overall Fitness
560,30,Male,76,182,Intermediate,50 mins/day,Gym,Muscle Gain,Yoga
561,27,Female,61,165,Intermediate,35 mins/day,Outdoor,Weight Loss,Strength Training
562,39,Male,85,188,Advanced,60 mins/day,Home,Muscle Gain,Strength Training
563,22,Female,57,158,Beginner,30 mins/day,Outdoor,Cardio,Muscle Gain
564,38,Male,92,195,Advanced,60 mins/day,Gym,Overall Fitness,Cardio
565,29,Female,64,165,Intermediate,45 mins/day,Home,Weight Loss,Strength Training
566,27,Male,78,180,Intermediate,50 mins/day,Gym,Cardio,Muscle Gain
567,35,Female,68,167,Intermediate,35 mins/day,Outdoor,Cardio,Overall Fitness
568,30,Male,77,178,Intermediate,45 mins/day,Home,Weight Loss,Yoga
569,28,Female,62,163,Beginner,30 mins/day,Outdoor,Muscle Gain,Strength Training
570,32,Male,84,185,Advanced,60 mins/day,Gym,Overall Fitness,Cardio
571,24,Female,58,160,Beginner,30 mins/day,Home,Cardio,Strength Training
572,31,Male,80,175,Advanced,60 mins/day,Outdoor,Weight Loss,Muscle Gain
573,29,Female,66,170,Intermediate,40 mins/day,Gym,Overall Fitness,Cardio
574,37,Male,90,188,Advanced,60 mins/day,Home,Overall Fitness,Muscle Gain
575,26,Female,59,165,Intermediate,45 mins/day,Outdoor,Weight Loss,Strength Training
576,33,Male,82,183,Advanced,60 mins/day,Gym,Muscle Gain,Yoga
577,28,Female,64,162,Beginner,30 mins/day,Home,Cardio,Overall Fitness
578,35,Male,88,190,Advanced,60 mins/day,Outdoor,Overall Fitness,Muscle Gain
579,24,Female,55,158,Beginner,30 mins/day,Outdoor,Cardio,Strength Training
580,36,Male,84,185,Advanced,60 mins/day,Gym,Weight Loss,Yoga
581,31,Female,61,167,Intermediate,45 mins/day,Home,Muscle Gain,Cardio
582,39,Male,87,186,Advanced,60 mins/day,Gym,Overall Fitness,Strength Training
583,28,Female,63,162,Beginner,30 mins/day,Outdoor,Cardio,Overall Fitness
584,33,Male,79,180,Intermediate,45 mins/day,Gym,Weight Loss,Strength Training
585,25,Female,60,163,Beginner,30 mins/day,Home,Cardio,Overall Fitness
586,30,Male,76,182,Intermediate,50 mins/day,Gym,Muscle Gain,Yoga
587,27,Female,61,165,Intermediate,35 mins/day,Outdoor,Weight Loss,Strength Training
588,39,Male,85,188,Advanced,60 mins/day,Home,Muscle Gain,Strength Training
589,22,Female,57,158,Beginner,30 mins/day,Outdoor,Cardio,Muscle Gain
590,38,Male,92,195,Advanced,60 mins/day,Gym,Overall Fitness,Cardio
591,29,Female,64,165,Intermediate,45 mins/day,Home,Weight Loss,Strength Training
592,27,Male,78,180,Intermediate,50 mins/day,Gym,Cardio,Muscle Gain
593,35,Female,68,167,Intermediate,35 mins/day,Outdoor,Cardio,Overall Fitness
594,30,Male,77,178,Intermediate,45 mins/day,Home,Weight Loss,Yoga
595,28,Female,62,163,Beginner,30 mins/day,Outdoor,Muscle Gain,Strength Training
596,32,Male,84,185,Advanced,60 mins/day,Gym,Overall Fitness,Cardio
597,24,Female,58,160,Beginner,30 mins/day,Home,Cardio,Strength Training
598,31,Male,80,175,Advanced,60 mins/day,Outdoor,Weight Loss,Muscle Gain
599,29,Female,66,170,Intermediate,40 mins/day,Gym,Overall Fitness,Cardio
600,37,Male,90,188,Advanced,60 mins/day,Home,Overall Fitness,Muscle Gain
